Analysis & Synthesis report for processor
Fri Oct 31 18:54:34 2025
Quartus Prime Version 24.1std.0 Build 1077 03/04/2025 SC Lite Edition


---------------------
; Table of Contents ;
---------------------
  1. Legal Notice
  2. Analysis & Synthesis Summary
  3. Analysis & Synthesis Settings
  4. Parallel Compilation
  5. Analysis & Synthesis Source Files Read
  6. Analysis & Synthesis Resource Usage Summary
  7. Analysis & Synthesis Resource Utilization by Entity
  8. Analysis & Synthesis IP Cores Summary
  9. General Register Statistics
 10. Parameter Settings for User Entity Instance: color:color_inst
 11. Parameter Settings for User Entity Instance: color:color_inst|clock1280x800:vgaclock|vgaClock:clk|vgaClock_video_pll_0:video_pll_0|vgaClock_video_pll_0_video_pll:video_pll|altera_pll:altera_pll_i
 12. Parameter Settings for User Entity Instance: color:color_inst|vga_controller_1280x800:ctrl
 13. Port Connectivity Checks: "color:color_inst|clock1280x800:vgaclock|vgaClock:clk|vgaClock_video_pll_0:video_pll_0|vgaClock_video_pll_0_video_pll:video_pll|altera_pll:altera_pll_i"
 14. Port Connectivity Checks: "color:color_inst|clock1280x800:vgaclock|vgaClock:clk|vgaClock_video_pll_0:video_pll_0|vgaClock_video_pll_0_video_pll:video_pll"
 15. Port Connectivity Checks: "color:color_inst|clock1280x800:vgaclock|vgaClock:clk"
 16. Post-Synthesis Netlist Statistics for Top Partition
 17. Elapsed Time Per Partition
 18. Analysis & Synthesis Messages



----------------
; Legal Notice ;
----------------
Copyright (C) 2025  Altera Corporation. All rights reserved.
Your use of Altera Corporation's design tools, logic functions 
and other software and tools, and any partner logic 
functions, and any output files from any of the foregoing 
(including device programming or simulation files), and any 
associated documentation or information are expressly subject 
to the terms and conditions of the Altera Program License 
Subscription Agreement, the Altera Quartus Prime License Agreement,
the Altera IP License Agreement, or other applicable license
agreement, including, without limitation, that your use is for
the sole purpose of programming logic devices manufactured by
Altera and sold by Altera or its authorized distributors.  Please
refer to the Altera Software License Subscription Agreements 
on the Quartus Prime software download page.



+-----------------------------------------------------------------------------------+
; Analysis & Synthesis Summary                                                      ;
+---------------------------------+-------------------------------------------------+
; Analysis & Synthesis Status     ; Successful - Fri Oct 31 18:54:34 2025           ;
; Quartus Prime Version           ; 24.1std.0 Build 1077 03/04/2025 SC Lite Edition ;
; Revision Name                   ; processor                                       ;
; Top-level Entity Name           ; processor                                       ;
; Family                          ; Cyclone V                                       ;
; Logic utilization (in ALMs)     ; N/A                                             ;
; Total registers                 ; 22                                              ;
; Total pins                      ; 36                                              ;
; Total virtual pins              ; 0                                               ;
; Total block memory bits         ; 0                                               ;
; Total DSP Blocks                ; 0                                               ;
; Total HSSI RX PCSs              ; 0                                               ;
; Total HSSI PMA RX Deserializers ; 0                                               ;
; Total HSSI TX PCSs              ; 0                                               ;
; Total HSSI PMA TX Serializers   ; 0                                               ;
; Total PLLs                      ; 1                                               ;
; Total DLLs                      ; 0                                               ;
+---------------------------------+-------------------------------------------------+


+---------------------------------------------------------------------------------------------------------------------------+
; Analysis & Synthesis Settings                                                                                             ;
+---------------------------------------------------------------------------------+--------------------+--------------------+
; Option                                                                          ; Setting            ; Default Value      ;
+---------------------------------------------------------------------------------+--------------------+--------------------+
; Device                                                                          ; 5CSEMA5F31C6       ;                    ;
; Top-level entity name                                                           ; processor          ; processor          ;
; Family name                                                                     ; Cyclone V          ; Cyclone V          ;
; Use smart compilation                                                           ; Off                ; Off                ;
; Enable parallel Assembler and Timing Analyzer during compilation                ; On                 ; On                 ;
; Enable compact report table                                                     ; Off                ; Off                ;
; Restructure Multiplexers                                                        ; Auto               ; Auto               ;
; MLAB Add Timing Constraints For Mixed-Port Feed-Through Mode Setting Don't Care ; Off                ; Off                ;
; Create Debugging Nodes for IP Cores                                             ; Off                ; Off                ;
; Preserve fewer node names                                                       ; On                 ; On                 ;
; Intel FPGA IP Evaluation Mode                                                   ; Enable             ; Enable             ;
; Verilog Version                                                                 ; Verilog_2001       ; Verilog_2001       ;
; VHDL Version                                                                    ; VHDL_1993          ; VHDL_1993          ;
; State Machine Processing                                                        ; Auto               ; Auto               ;
; Safe State Machine                                                              ; Off                ; Off                ;
; Extract Verilog State Machines                                                  ; On                 ; On                 ;
; Extract VHDL State Machines                                                     ; On                 ; On                 ;
; Ignore Verilog initial constructs                                               ; Off                ; Off                ;
; Iteration limit for constant Verilog loops                                      ; 5000               ; 5000               ;
; Iteration limit for non-constant Verilog loops                                  ; 250                ; 250                ;
; Add Pass-Through Logic to Inferred RAMs                                         ; On                 ; On                 ;
; Infer RAMs from Raw Logic                                                       ; On                 ; On                 ;
; Parallel Synthesis                                                              ; On                 ; On                 ;
; DSP Block Balancing                                                             ; Auto               ; Auto               ;
; NOT Gate Push-Back                                                              ; On                 ; On                 ;
; Power-Up Don't Care                                                             ; On                 ; On                 ;
; Remove Redundant Logic Cells                                                    ; Off                ; Off                ;
; Remove Duplicate Registers                                                      ; On                 ; On                 ;
; Ignore CARRY Buffers                                                            ; Off                ; Off                ;
; Ignore CASCADE Buffers                                                          ; Off                ; Off                ;
; Ignore GLOBAL Buffers                                                           ; Off                ; Off                ;
; Ignore ROW GLOBAL Buffers                                                       ; Off                ; Off                ;
; Ignore LCELL Buffers                                                            ; Off                ; Off                ;
; Ignore SOFT Buffers                                                             ; On                 ; On                 ;
; Limit AHDL Integers to 32 Bits                                                  ; Off                ; Off                ;
; Optimization Technique                                                          ; Balanced           ; Balanced           ;
; Carry Chain Length                                                              ; 70                 ; 70                 ;
; Auto Carry Chains                                                               ; On                 ; On                 ;
; Auto Open-Drain Pins                                                            ; On                 ; On                 ;
; Perform WYSIWYG Primitive Resynthesis                                           ; Off                ; Off                ;
; Auto ROM Replacement                                                            ; On                 ; On                 ;
; Auto RAM Replacement                                                            ; On                 ; On                 ;
; Auto DSP Block Replacement                                                      ; On                 ; On                 ;
; Auto Shift Register Replacement                                                 ; Auto               ; Auto               ;
; Allow Shift Register Merging across Hierarchies                                 ; Auto               ; Auto               ;
; Auto Clock Enable Replacement                                                   ; On                 ; On                 ;
; Strict RAM Replacement                                                          ; Off                ; Off                ;
; Allow Synchronous Control Signals                                               ; On                 ; On                 ;
; Force Use of Synchronous Clear Signals                                          ; Off                ; Off                ;
; Auto Resource Sharing                                                           ; Off                ; Off                ;
; Allow Any RAM Size For Recognition                                              ; Off                ; Off                ;
; Allow Any ROM Size For Recognition                                              ; Off                ; Off                ;
; Allow Any Shift Register Size For Recognition                                   ; Off                ; Off                ;
; Use LogicLock Constraints during Resource Balancing                             ; On                 ; On                 ;
; Ignore translate_off and synthesis_off directives                               ; Off                ; Off                ;
; Timing-Driven Synthesis                                                         ; On                 ; On                 ;
; Report Parameter Settings                                                       ; On                 ; On                 ;
; Report Source Assignments                                                       ; On                 ; On                 ;
; Report Connectivity Checks                                                      ; On                 ; On                 ;
; Ignore Maximum Fan-Out Assignments                                              ; Off                ; Off                ;
; Synchronization Register Chain Length                                           ; 3                  ; 3                  ;
; Power Optimization During Synthesis                                             ; Normal compilation ; Normal compilation ;
; HDL message level                                                               ; Level2             ; Level2             ;
; Suppress Register Optimization Related Messages                                 ; Off                ; Off                ;
; Number of Removed Registers Reported in Synthesis Report                        ; 5000               ; 5000               ;
; Number of Swept Nodes Reported in Synthesis Report                              ; 5000               ; 5000               ;
; Number of Inverted Registers Reported in Synthesis Report                       ; 100                ; 100                ;
; Clock MUX Protection                                                            ; On                 ; On                 ;
; Auto Gated Clock Conversion                                                     ; Off                ; Off                ;
; Block Design Naming                                                             ; Auto               ; Auto               ;
; SDC constraint protection                                                       ; Off                ; Off                ;
; Synthesis Effort                                                                ; Auto               ; Auto               ;
; Shift Register Replacement - Allow Asynchronous Clear Signal                    ; On                 ; On                 ;
; Pre-Mapping Resynthesis Optimization                                            ; Off                ; Off                ;
; Analysis & Synthesis Message Level                                              ; Medium             ; Medium             ;
; Disable Register Merging Across Hierarchies                                     ; Auto               ; Auto               ;
; Resource Aware Inference For Block RAM                                          ; On                 ; On                 ;
; Automatic Parallel Synthesis                                                    ; On                 ; On                 ;
; Partial Reconfiguration Bitstream ID                                            ; Off                ; Off                ;
+---------------------------------------------------------------------------------+--------------------+--------------------+


+------------------------------------------+
; Parallel Compilation                     ;
+----------------------------+-------------+
; Processors                 ; Number      ;
+----------------------------+-------------+
; Number detected on machine ; 16          ;
; Maximum allowed            ; 16          ;
;                            ;             ;
; Average used               ; 1.00        ;
; Maximum used               ; 16          ;
;                            ;             ;
; Usage by Processor         ; % Time Used ;
;     Processor 1            ; 100.0%      ;
;     Processors 2-16        ;   0.0%      ;
+----------------------------+-------------+


+----------------------------------------------------------------------------------------------------------------------------------------------------------------------------------------------------------------------------------------------------------------------------------------------------------------------------------------------+
; Analysis & Synthesis Source Files Read                                                                                                                                                                                                                                                                                                       ;
+---------------------------------------------------------------------------------------------------------------------------------+-----------------+---------------------------------------------+---------------------------------------------------------------------------------------------------------------------------------+----------+
; File Name with User-Entered Path                                                                                                ; Used in Netlist ; File Type                                   ; File Name with Absolute Path                                                                                                    ; Library  ;
+---------------------------------------------------------------------------------------------------------------------------------+-----------------+---------------------------------------------+---------------------------------------------------------------------------------------------------------------------------------+----------+
; font_rom.v                                                                                                                      ; yes             ; User Verilog HDL File                       ; C:/Users/jucac/Desktop/Universidad/Arquitectura/Processor/font_rom.v                                                            ;          ;
; font_renderer.v                                                                                                                 ; yes             ; User Verilog HDL File                       ; C:/Users/jucac/Desktop/Universidad/Arquitectura/Processor/font_renderer.v                                                       ;          ;
; ALU.sv                                                                                                                          ; yes             ; User SystemVerilog HDL File                 ; C:/Users/jucac/Desktop/Universidad/Arquitectura/Processor/ALU.sv                                                                ;          ;
; processor.sv                                                                                                                    ; yes             ; User SystemVerilog HDL File                 ; C:/Users/jucac/Desktop/Universidad/Arquitectura/Processor/processor.sv                                                          ;          ;
; ProgramCounter.sv                                                                                                               ; yes             ; User SystemVerilog HDL File                 ; C:/Users/jucac/Desktop/Universidad/Arquitectura/Processor/ProgramCounter.sv                                                     ;          ;
; RegisterUnit.sv                                                                                                                 ; yes             ; User SystemVerilog HDL File                 ; C:/Users/jucac/Desktop/Universidad/Arquitectura/Processor/RegisterUnit.sv                                                       ;          ;
; InstructionMemory.sv                                                                                                            ; yes             ; User SystemVerilog HDL File                 ; C:/Users/jucac/Desktop/Universidad/Arquitectura/Processor/InstructionMemory.sv                                                  ;          ;
; ControlUnit.sv                                                                                                                  ; yes             ; User SystemVerilog HDL File                 ; C:/Users/jucac/Desktop/Universidad/Arquitectura/Processor/ControlUnit.sv                                                        ;          ;
; ImmGen.sv                                                                                                                       ; yes             ; User SystemVerilog HDL File                 ; C:/Users/jucac/Desktop/Universidad/Arquitectura/Processor/ImmGen.sv                                                             ;          ;
; DataMemory.sv                                                                                                                   ; yes             ; User SystemVerilog HDL File                 ; C:/Users/jucac/Desktop/Universidad/Arquitectura/Processor/DataMemory.sv                                                         ;          ;
; color.sv                                                                                                                        ; yes             ; User SystemVerilog HDL File                 ; C:/Users/jucac/Desktop/Universidad/Arquitectura/Processor/color.sv                                                              ;          ;
; c:/users/jucac/desktop/universidad/arquitectura/processor/db/ip/vgaclock/submodules/altera_up_avalon_reset_from_locked_signal.v ; yes             ; Auto-Found Verilog HDL File                 ; c:/users/jucac/desktop/universidad/arquitectura/processor/db/ip/vgaclock/submodules/altera_up_avalon_reset_from_locked_signal.v ; vgaClock ;
; c:/users/jucac/desktop/universidad/arquitectura/processor/db/ip/vgaclock/submodules/vgaclock_video_pll_0.v                      ; yes             ; Auto-Found Verilog HDL File                 ; c:/users/jucac/desktop/universidad/arquitectura/processor/db/ip/vgaclock/submodules/vgaclock_video_pll_0.v                      ; vgaClock ;
; c:/users/jucac/desktop/universidad/arquitectura/processor/db/ip/vgaclock/submodules/vgaclock_video_pll_0_video_pll.v            ; yes             ; Auto-Found Verilog HDL File                 ; c:/users/jucac/desktop/universidad/arquitectura/processor/db/ip/vgaclock/submodules/vgaclock_video_pll_0_video_pll.v            ; vgaClock ;
; c:/users/jucac/desktop/universidad/arquitectura/processor/db/ip/vgaclock/vgaclock.v                                             ; yes             ; Auto-Found Verilog HDL File                 ; c:/users/jucac/desktop/universidad/arquitectura/processor/db/ip/vgaclock/vgaclock.v                                             ; vgaClock ;
; memprogram/memory.bin                                                                                                           ; yes             ; Auto-Found Unspecified File                 ; C:/Users/jucac/Desktop/Universidad/Arquitectura/Processor/memprogram/memory.bin                                                 ;          ;
; memprogram/program.bin                                                                                                          ; yes             ; Auto-Found Unspecified File                 ; C:/Users/jucac/Desktop/Universidad/Arquitectura/Processor/memprogram/program.bin                                                ;          ;
; font8x16.hex                                                                                                                    ; yes             ; Auto-Found Hexadecimal (Intel-Format) File  ; C:/Users/jucac/Desktop/Universidad/Arquitectura/Processor/font8x16.hex                                                          ;          ;
; altera_pll.v                                                                                                                    ; yes             ; Megafunction                                ; c:/intelfpga_lite/24.1std/quartus/libraries/megafunctions/altera_pll.v                                                          ;          ;
+---------------------------------------------------------------------------------------------------------------------------------+-----------------+---------------------------------------------+---------------------------------------------------------------------------------------------------------------------------------+----------+


+-------------------------------------------------------------------------------------------------------+
; Analysis & Synthesis Resource Usage Summary                                                           ;
+---------------------------------------------+---------------------------------------------------------+
; Resource                                    ; Usage                                                   ;
+---------------------------------------------+---------------------------------------------------------+
; Estimate of Logic utilization (ALMs needed) ; 113                                                     ;
;                                             ;                                                         ;
; Combinational ALUT usage for logic          ; 145                                                     ;
;     -- 7 input functions                    ; 3                                                       ;
;     -- 6 input functions                    ; 77                                                      ;
;     -- 5 input functions                    ; 8                                                       ;
;     -- 4 input functions                    ; 10                                                      ;
;     -- <=3 input functions                  ; 47                                                      ;
;                                             ;                                                         ;
; Dedicated logic registers                   ; 22                                                      ;
;                                             ;                                                         ;
; I/O pins                                    ; 36                                                      ;
;                                             ;                                                         ;
; Total DSP Blocks                            ; 0                                                       ;
;                                             ;                                                         ;
; Total PLLs                                  ; 2                                                       ;
;     -- PLLs                                 ; 2                                                       ;
;                                             ;                                                         ;
; Maximum fan-out node                        ; color:color_inst|vga_controller_1280x800:ctrl|vcount[2] ;
; Maximum fan-out                             ; 60                                                      ;
; Total fan-out                               ; 841                                                     ;
; Average fan-out                             ; 3.49                                                    ;
+---------------------------------------------+---------------------------------------------------------+


+----------------------------------------------------------------------------------------------------------------------------------------------------------------------------------------------------------------------------------------------------------------------------------------------------------------------------------------------------------------------------------------+
; Analysis & Synthesis Resource Utilization by Entity                                                                                                                                                                                                                                                                                                                                    ;
+-----------------------------------------------------------+---------------------+---------------------------+-------------------+------------+------+--------------+-------------------------------------------------------------------------------------------------------------------------------------------------------------------+--------------------------------+--------------+
; Compilation Hierarchy Node                                ; Combinational ALUTs ; Dedicated Logic Registers ; Block Memory Bits ; DSP Blocks ; Pins ; Virtual Pins ; Full Hierarchy Name                                                                                                                                               ; Entity Name                    ; Library Name ;
+-----------------------------------------------------------+---------------------+---------------------------+-------------------+------------+------+--------------+-------------------------------------------------------------------------------------------------------------------------------------------------------------------+--------------------------------+--------------+
; |processor                                                ; 145 (0)             ; 22 (0)                    ; 0                 ; 0          ; 36   ; 0            ; |processor                                                                                                                                                        ; processor                      ; work         ;
;    |color:color_inst|                                     ; 145 (10)            ; 22 (0)                    ; 0                 ; 0          ; 0    ; 0            ; |processor|color:color_inst                                                                                                                                       ; color                          ; work         ;
;       |clock1280x800:vgaclock|                            ; 0 (0)               ; 0 (0)                     ; 0                 ; 0          ; 0    ; 0            ; |processor|color:color_inst|clock1280x800:vgaclock                                                                                                                ; clock1280x800                  ; work         ;
;          |vgaClock:clk|                                   ; 0 (0)               ; 0 (0)                     ; 0                 ; 0          ; 0    ; 0            ; |processor|color:color_inst|clock1280x800:vgaclock|vgaClock:clk                                                                                                   ; vgaClock                       ; vgaClock     ;
;             |vgaClock_video_pll_0:video_pll_0|            ; 0 (0)               ; 0 (0)                     ; 0                 ; 0          ; 0    ; 0            ; |processor|color:color_inst|clock1280x800:vgaclock|vgaClock:clk|vgaClock_video_pll_0:video_pll_0                                                                  ; vgaClock_video_pll_0           ; vgaClock     ;
;                |vgaClock_video_pll_0_video_pll:video_pll| ; 0 (0)               ; 0 (0)                     ; 0                 ; 0          ; 0    ; 0            ; |processor|color:color_inst|clock1280x800:vgaclock|vgaClock:clk|vgaClock_video_pll_0:video_pll_0|vgaClock_video_pll_0_video_pll:video_pll                         ; vgaClock_video_pll_0_video_pll ; vgaClock     ;
;                   |altera_pll:altera_pll_i|               ; 0 (0)               ; 0 (0)                     ; 0                 ; 0          ; 0    ; 0            ; |processor|color:color_inst|clock1280x800:vgaclock|vgaClock:clk|vgaClock_video_pll_0:video_pll_0|vgaClock_video_pll_0_video_pll:video_pll|altera_pll:altera_pll_i ; altera_pll                     ; work         ;
;       |font_renderer:font_inst|                           ; 105 (2)             ; 1 (1)                     ; 0                 ; 0          ; 0    ; 0            ; |processor|color:color_inst|font_renderer:font_inst                                                                                                               ; font_renderer                  ; work         ;
;          |font_rom:rom_inst|                              ; 103 (103)           ; 0 (0)                     ; 0                 ; 0          ; 0    ; 0            ; |processor|color:color_inst|font_renderer:font_inst|font_rom:rom_inst                                                                                             ; font_rom                       ; work         ;
;       |vga_controller_1280x800:ctrl|                      ; 30 (30)             ; 21 (21)                   ; 0                 ; 0          ; 0    ; 0            ; |processor|color:color_inst|vga_controller_1280x800:ctrl                                                                                                          ; vga_controller_1280x800        ; work         ;
+-----------------------------------------------------------+---------------------+---------------------------+-------------------+------------+------+--------------+-------------------------------------------------------------------------------------------------------------------------------------------------------------------+--------------------------------+--------------+
Note: For table entries with two numbers listed, the numbers in parentheses indicate the number of resources of the given type used by the specific entity alone. The numbers listed outside of parentheses indicate the total resources of the given type used by the specific entity and all of its sub-entities in the hierarchy.


+-----------------------------------------------------------------------------------------------------------------------------------------------------------------------------------------------------------+
; Analysis & Synthesis IP Cores Summary                                                                                                                                                                     ;
+--------+--------------+---------+--------------+--------------+-----------------------------------------------------------------+-------------------------------------------------------------------------+
; Vendor ; IP Core Name ; Version ; Release Date ; License Type ; Entity Instance                                                 ; IP Include File                                                         ;
+--------+--------------+---------+--------------+--------------+-----------------------------------------------------------------+-------------------------------------------------------------------------+
; N/A    ; altera_pll   ; 24.1    ; N/A          ; N/A          ; |processor|color:color_inst|clock1280x800:vgaclock|vgaClock:clk ; C:/Users/jucac/Desktop/Universidad/Arquitectura/Processor/vgaClock.qsys ;
+--------+--------------+---------+--------------+--------------+-----------------------------------------------------------------+-------------------------------------------------------------------------+


+------------------------------------------------------+
; General Register Statistics                          ;
+----------------------------------------------+-------+
; Statistic                                    ; Value ;
+----------------------------------------------+-------+
; Total registers                              ; 22    ;
; Number of registers using Synchronous Clear  ; 21    ;
; Number of registers using Synchronous Load   ; 0     ;
; Number of registers using Asynchronous Clear ; 21    ;
; Number of registers using Asynchronous Load  ; 0     ;
; Number of registers using Clock Enable       ; 10    ;
; Number of registers using Preset             ; 0     ;
+----------------------------------------------+-------+


+---------------------------------------------------------------+
; Parameter Settings for User Entity Instance: color:color_inst ;
+----------------+-------+--------------------------------------+
; Parameter Name ; Value ; Type                                 ;
+----------------+-------+--------------------------------------+
; TEXT_X         ; 400   ; Signed Integer                       ;
; TEXT_Y         ; 300   ; Signed Integer                       ;
; CHAR_W         ; 8     ; Signed Integer                       ;
; CHAR_H         ; 16    ; Signed Integer                       ;
+----------------+-------+--------------------------------------+
Note: In order to hide this table in the UI and the text report file, please set the "Show Parameter Settings in Synthesis Report" option in "Analysis and Synthesis Settings -> More Settings" to "Off".


+-----------------------------------------------------------------------------------------------------------------------------------------------------------------------------------------------------+
; Parameter Settings for User Entity Instance: color:color_inst|clock1280x800:vgaclock|vgaClock:clk|vgaClock_video_pll_0:video_pll_0|vgaClock_video_pll_0_video_pll:video_pll|altera_pll:altera_pll_i ;
+--------------------------------------+------------------------+-------------------------------------------------------------------------------------------------------------------------------------+
; Parameter Name                       ; Value                  ; Type                                                                                                                                ;
+--------------------------------------+------------------------+-------------------------------------------------------------------------------------------------------------------------------------+
; reference_clock_frequency            ; 50.0 MHz               ; String                                                                                                                              ;
; fractional_vco_multiplier            ; false                  ; String                                                                                                                              ;
; pll_type                             ; General                ; String                                                                                                                              ;
; pll_subtype                          ; General                ; String                                                                                                                              ;
; number_of_clocks                     ; 3                      ; Signed Integer                                                                                                                      ;
; operation_mode                       ; direct                 ; String                                                                                                                              ;
; deserialization_factor               ; 4                      ; Signed Integer                                                                                                                      ;
; data_rate                            ; 0                      ; Signed Integer                                                                                                                      ;
; sim_additional_refclk_cycles_to_lock ; 0                      ; Signed Integer                                                                                                                      ;
; output_clock_frequency0              ; 25.000000 MHz          ; String                                                                                                                              ;
; phase_shift0                         ; 0 ps                   ; String                                                                                                                              ;
; duty_cycle0                          ; 50                     ; Signed Integer                                                                                                                      ;
; output_clock_frequency1              ; 83.333333 MHz          ; String                                                                                                                              ;
; phase_shift1                         ; 0 ps                   ; String                                                                                                                              ;
; duty_cycle1                          ; 50                     ; Signed Integer                                                                                                                      ;
; output_clock_frequency2              ; 32.894736 MHz          ; String                                                                                                                              ;
; phase_shift2                         ; 0 ps                   ; String                                                                                                                              ;
; duty_cycle2                          ; 50                     ; Signed Integer                                                                                                                      ;
; output_clock_frequency3              ; 0 MHz                  ; String                                                                                                                              ;
; phase_shift3                         ; 0 ps                   ; String                                                                                                                              ;
; duty_cycle3                          ; 50                     ; Signed Integer                                                                                                                      ;
; output_clock_frequency4              ; 0 MHz                  ; String                                                                                                                              ;
; phase_shift4                         ; 0 ps                   ; String                                                                                                                              ;
; duty_cycle4                          ; 50                     ; Signed Integer                                                                                                                      ;
; output_clock_frequency5              ; 0 MHz                  ; String                                                                                                                              ;
; phase_shift5                         ; 0 ps                   ; String                                                                                                                              ;
; duty_cycle5                          ; 50                     ; Signed Integer                                                                                                                      ;
; output_clock_frequency6              ; 0 MHz                  ; String                                                                                                                              ;
; phase_shift6                         ; 0 ps                   ; String                                                                                                                              ;
; duty_cycle6                          ; 50                     ; Signed Integer                                                                                                                      ;
; output_clock_frequency7              ; 0 MHz                  ; String                                                                                                                              ;
; phase_shift7                         ; 0 ps                   ; String                                                                                                                              ;
; duty_cycle7                          ; 50                     ; Signed Integer                                                                                                                      ;
; output_clock_frequency8              ; 0 MHz                  ; String                                                                                                                              ;
; phase_shift8                         ; 0 ps                   ; String                                                                                                                              ;
; duty_cycle8                          ; 50                     ; Signed Integer                                                                                                                      ;
; output_clock_frequency9              ; 0 MHz                  ; String                                                                                                                              ;
; phase_shift9                         ; 0 ps                   ; String                                                                                                                              ;
; duty_cycle9                          ; 50                     ; Signed Integer                                                                                                                      ;
; output_clock_frequency10             ; 0 MHz                  ; String                                                                                                                              ;
; phase_shift10                        ; 0 ps                   ; String                                                                                                                              ;
; duty_cycle10                         ; 50                     ; Signed Integer                                                                                                                      ;
; output_clock_frequency11             ; 0 MHz                  ; String                                                                                                                              ;
; phase_shift11                        ; 0 ps                   ; String                                                                                                                              ;
; duty_cycle11                         ; 50                     ; Signed Integer                                                                                                                      ;
; output_clock_frequency12             ; 0 MHz                  ; String                                                                                                                              ;
; phase_shift12                        ; 0 ps                   ; String                                                                                                                              ;
; duty_cycle12                         ; 50                     ; Signed Integer                                                                                                                      ;
; output_clock_frequency13             ; 0 MHz                  ; String                                                                                                                              ;
; phase_shift13                        ; 0 ps                   ; String                                                                                                                              ;
; duty_cycle13                         ; 50                     ; Signed Integer                                                                                                                      ;
; output_clock_frequency14             ; 0 MHz                  ; String                                                                                                                              ;
; phase_shift14                        ; 0 ps                   ; String                                                                                                                              ;
; duty_cycle14                         ; 50                     ; Signed Integer                                                                                                                      ;
; output_clock_frequency15             ; 0 MHz                  ; String                                                                                                                              ;
; phase_shift15                        ; 0 ps                   ; String                                                                                                                              ;
; duty_cycle15                         ; 50                     ; Signed Integer                                                                                                                      ;
; output_clock_frequency16             ; 0 MHz                  ; String                                                                                                                              ;
; phase_shift16                        ; 0 ps                   ; String                                                                                                                              ;
; duty_cycle16                         ; 50                     ; Signed Integer                                                                                                                      ;
; output_clock_frequency17             ; 0 MHz                  ; String                                                                                                                              ;
; phase_shift17                        ; 0 ps                   ; String                                                                                                                              ;
; duty_cycle17                         ; 50                     ; Signed Integer                                                                                                                      ;
; clock_name_0                         ;                        ; String                                                                                                                              ;
; clock_name_1                         ;                        ; String                                                                                                                              ;
; clock_name_2                         ;                        ; String                                                                                                                              ;
; clock_name_3                         ;                        ; String                                                                                                                              ;
; clock_name_4                         ;                        ; String                                                                                                                              ;
; clock_name_5                         ;                        ; String                                                                                                                              ;
; clock_name_6                         ;                        ; String                                                                                                                              ;
; clock_name_7                         ;                        ; String                                                                                                                              ;
; clock_name_8                         ;                        ; String                                                                                                                              ;
; clock_name_global_0                  ; false                  ; String                                                                                                                              ;
; clock_name_global_1                  ; false                  ; String                                                                                                                              ;
; clock_name_global_2                  ; false                  ; String                                                                                                                              ;
; clock_name_global_3                  ; false                  ; String                                                                                                                              ;
; clock_name_global_4                  ; false                  ; String                                                                                                                              ;
; clock_name_global_5                  ; false                  ; String                                                                                                                              ;
; clock_name_global_6                  ; false                  ; String                                                                                                                              ;
; clock_name_global_7                  ; false                  ; String                                                                                                                              ;
; clock_name_global_8                  ; false                  ; String                                                                                                                              ;
; m_cnt_hi_div                         ; 1                      ; Signed Integer                                                                                                                      ;
; m_cnt_lo_div                         ; 1                      ; Signed Integer                                                                                                                      ;
; m_cnt_bypass_en                      ; false                  ; String                                                                                                                              ;
; m_cnt_odd_div_duty_en                ; false                  ; String                                                                                                                              ;
; n_cnt_hi_div                         ; 1                      ; Signed Integer                                                                                                                      ;
; n_cnt_lo_div                         ; 1                      ; Signed Integer                                                                                                                      ;
; n_cnt_bypass_en                      ; false                  ; String                                                                                                                              ;
; n_cnt_odd_div_duty_en                ; false                  ; String                                                                                                                              ;
; c_cnt_hi_div0                        ; 1                      ; Signed Integer                                                                                                                      ;
; c_cnt_lo_div0                        ; 1                      ; Signed Integer                                                                                                                      ;
; c_cnt_bypass_en0                     ; false                  ; String                                                                                                                              ;
; c_cnt_in_src0                        ; ph_mux_clk             ; String                                                                                                                              ;
; c_cnt_odd_div_duty_en0               ; false                  ; String                                                                                                                              ;
; c_cnt_prst0                          ; 1                      ; Signed Integer                                                                                                                      ;
; c_cnt_ph_mux_prst0                   ; 0                      ; Signed Integer                                                                                                                      ;
; c_cnt_hi_div1                        ; 1                      ; Signed Integer                                                                                                                      ;
; c_cnt_lo_div1                        ; 1                      ; Signed Integer                                                                                                                      ;
; c_cnt_bypass_en1                     ; false                  ; String                                                                                                                              ;
; c_cnt_in_src1                        ; ph_mux_clk             ; String                                                                                                                              ;
; c_cnt_odd_div_duty_en1               ; false                  ; String                                                                                                                              ;
; c_cnt_prst1                          ; 1                      ; Signed Integer                                                                                                                      ;
; c_cnt_ph_mux_prst1                   ; 0                      ; Signed Integer                                                                                                                      ;
; c_cnt_hi_div2                        ; 1                      ; Signed Integer                                                                                                                      ;
; c_cnt_lo_div2                        ; 1                      ; Signed Integer                                                                                                                      ;
; c_cnt_bypass_en2                     ; false                  ; String                                                                                                                              ;
; c_cnt_in_src2                        ; ph_mux_clk             ; String                                                                                                                              ;
; c_cnt_odd_div_duty_en2               ; false                  ; String                                                                                                                              ;
; c_cnt_prst2                          ; 1                      ; Signed Integer                                                                                                                      ;
; c_cnt_ph_mux_prst2                   ; 0                      ; Signed Integer                                                                                                                      ;
; c_cnt_hi_div3                        ; 1                      ; Signed Integer                                                                                                                      ;
; c_cnt_lo_div3                        ; 1                      ; Signed Integer                                                                                                                      ;
; c_cnt_bypass_en3                     ; false                  ; String                                                                                                                              ;
; c_cnt_in_src3                        ; ph_mux_clk             ; String                                                                                                                              ;
; c_cnt_odd_div_duty_en3               ; false                  ; String                                                                                                                              ;
; c_cnt_prst3                          ; 1                      ; Signed Integer                                                                                                                      ;
; c_cnt_ph_mux_prst3                   ; 0                      ; Signed Integer                                                                                                                      ;
; c_cnt_hi_div4                        ; 1                      ; Signed Integer                                                                                                                      ;
; c_cnt_lo_div4                        ; 1                      ; Signed Integer                                                                                                                      ;
; c_cnt_bypass_en4                     ; false                  ; String                                                                                                                              ;
; c_cnt_in_src4                        ; ph_mux_clk             ; String                                                                                                                              ;
; c_cnt_odd_div_duty_en4               ; false                  ; String                                                                                                                              ;
; c_cnt_prst4                          ; 1                      ; Signed Integer                                                                                                                      ;
; c_cnt_ph_mux_prst4                   ; 0                      ; Signed Integer                                                                                                                      ;
; c_cnt_hi_div5                        ; 1                      ; Signed Integer                                                                                                                      ;
; c_cnt_lo_div5                        ; 1                      ; Signed Integer                                                                                                                      ;
; c_cnt_bypass_en5                     ; false                  ; String                                                                                                                              ;
; c_cnt_in_src5                        ; ph_mux_clk             ; String                                                                                                                              ;
; c_cnt_odd_div_duty_en5               ; false                  ; String                                                                                                                              ;
; c_cnt_prst5                          ; 1                      ; Signed Integer                                                                                                                      ;
; c_cnt_ph_mux_prst5                   ; 0                      ; Signed Integer                                                                                                                      ;
; c_cnt_hi_div6                        ; 1                      ; Signed Integer                                                                                                                      ;
; c_cnt_lo_div6                        ; 1                      ; Signed Integer                                                                                                                      ;
; c_cnt_bypass_en6                     ; false                  ; String                                                                                                                              ;
; c_cnt_in_src6                        ; ph_mux_clk             ; String                                                                                                                              ;
; c_cnt_odd_div_duty_en6               ; false                  ; String                                                                                                                              ;
; c_cnt_prst6                          ; 1                      ; Signed Integer                                                                                                                      ;
; c_cnt_ph_mux_prst6                   ; 0                      ; Signed Integer                                                                                                                      ;
; c_cnt_hi_div7                        ; 1                      ; Signed Integer                                                                                                                      ;
; c_cnt_lo_div7                        ; 1                      ; Signed Integer                                                                                                                      ;
; c_cnt_bypass_en7                     ; false                  ; String                                                                                                                              ;
; c_cnt_in_src7                        ; ph_mux_clk             ; String                                                                                                                              ;
; c_cnt_odd_div_duty_en7               ; false                  ; String                                                                                                                              ;
; c_cnt_prst7                          ; 1                      ; Signed Integer                                                                                                                      ;
; c_cnt_ph_mux_prst7                   ; 0                      ; Signed Integer                                                                                                                      ;
; c_cnt_hi_div8                        ; 1                      ; Signed Integer                                                                                                                      ;
; c_cnt_lo_div8                        ; 1                      ; Signed Integer                                                                                                                      ;
; c_cnt_bypass_en8                     ; false                  ; String                                                                                                                              ;
; c_cnt_in_src8                        ; ph_mux_clk             ; String                                                                                                                              ;
; c_cnt_odd_div_duty_en8               ; false                  ; String                                                                                                                              ;
; c_cnt_prst8                          ; 1                      ; Signed Integer                                                                                                                      ;
; c_cnt_ph_mux_prst8                   ; 0                      ; Signed Integer                                                                                                                      ;
; c_cnt_hi_div9                        ; 1                      ; Signed Integer                                                                                                                      ;
; c_cnt_lo_div9                        ; 1                      ; Signed Integer                                                                                                                      ;
; c_cnt_bypass_en9                     ; false                  ; String                                                                                                                              ;
; c_cnt_in_src9                        ; ph_mux_clk             ; String                                                                                                                              ;
; c_cnt_odd_div_duty_en9               ; false                  ; String                                                                                                                              ;
; c_cnt_prst9                          ; 1                      ; Signed Integer                                                                                                                      ;
; c_cnt_ph_mux_prst9                   ; 0                      ; Signed Integer                                                                                                                      ;
; c_cnt_hi_div10                       ; 1                      ; Signed Integer                                                                                                                      ;
; c_cnt_lo_div10                       ; 1                      ; Signed Integer                                                                                                                      ;
; c_cnt_bypass_en10                    ; false                  ; String                                                                                                                              ;
; c_cnt_in_src10                       ; ph_mux_clk             ; String                                                                                                                              ;
; c_cnt_odd_div_duty_en10              ; false                  ; String                                                                                                                              ;
; c_cnt_prst10                         ; 1                      ; Signed Integer                                                                                                                      ;
; c_cnt_ph_mux_prst10                  ; 0                      ; Signed Integer                                                                                                                      ;
; c_cnt_hi_div11                       ; 1                      ; Signed Integer                                                                                                                      ;
; c_cnt_lo_div11                       ; 1                      ; Signed Integer                                                                                                                      ;
; c_cnt_bypass_en11                    ; false                  ; String                                                                                                                              ;
; c_cnt_in_src11                       ; ph_mux_clk             ; String                                                                                                                              ;
; c_cnt_odd_div_duty_en11              ; false                  ; String                                                                                                                              ;
; c_cnt_prst11                         ; 1                      ; Signed Integer                                                                                                                      ;
; c_cnt_ph_mux_prst11                  ; 0                      ; Signed Integer                                                                                                                      ;
; c_cnt_hi_div12                       ; 1                      ; Signed Integer                                                                                                                      ;
; c_cnt_lo_div12                       ; 1                      ; Signed Integer                                                                                                                      ;
; c_cnt_bypass_en12                    ; false                  ; String                                                                                                                              ;
; c_cnt_in_src12                       ; ph_mux_clk             ; String                                                                                                                              ;
; c_cnt_odd_div_duty_en12              ; false                  ; String                                                                                                                              ;
; c_cnt_prst12                         ; 1                      ; Signed Integer                                                                                                                      ;
; c_cnt_ph_mux_prst12                  ; 0                      ; Signed Integer                                                                                                                      ;
; c_cnt_hi_div13                       ; 1                      ; Signed Integer                                                                                                                      ;
; c_cnt_lo_div13                       ; 1                      ; Signed Integer                                                                                                                      ;
; c_cnt_bypass_en13                    ; false                  ; String                                                                                                                              ;
; c_cnt_in_src13                       ; ph_mux_clk             ; String                                                                                                                              ;
; c_cnt_odd_div_duty_en13              ; false                  ; String                                                                                                                              ;
; c_cnt_prst13                         ; 1                      ; Signed Integer                                                                                                                      ;
; c_cnt_ph_mux_prst13                  ; 0                      ; Signed Integer                                                                                                                      ;
; c_cnt_hi_div14                       ; 1                      ; Signed Integer                                                                                                                      ;
; c_cnt_lo_div14                       ; 1                      ; Signed Integer                                                                                                                      ;
; c_cnt_bypass_en14                    ; false                  ; String                                                                                                                              ;
; c_cnt_in_src14                       ; ph_mux_clk             ; String                                                                                                                              ;
; c_cnt_odd_div_duty_en14              ; false                  ; String                                                                                                                              ;
; c_cnt_prst14                         ; 1                      ; Signed Integer                                                                                                                      ;
; c_cnt_ph_mux_prst14                  ; 0                      ; Signed Integer                                                                                                                      ;
; c_cnt_hi_div15                       ; 1                      ; Signed Integer                                                                                                                      ;
; c_cnt_lo_div15                       ; 1                      ; Signed Integer                                                                                                                      ;
; c_cnt_bypass_en15                    ; false                  ; String                                                                                                                              ;
; c_cnt_in_src15                       ; ph_mux_clk             ; String                                                                                                                              ;
; c_cnt_odd_div_duty_en15              ; false                  ; String                                                                                                                              ;
; c_cnt_prst15                         ; 1                      ; Signed Integer                                                                                                                      ;
; c_cnt_ph_mux_prst15                  ; 0                      ; Signed Integer                                                                                                                      ;
; c_cnt_hi_div16                       ; 1                      ; Signed Integer                                                                                                                      ;
; c_cnt_lo_div16                       ; 1                      ; Signed Integer                                                                                                                      ;
; c_cnt_bypass_en16                    ; false                  ; String                                                                                                                              ;
; c_cnt_in_src16                       ; ph_mux_clk             ; String                                                                                                                              ;
; c_cnt_odd_div_duty_en16              ; false                  ; String                                                                                                                              ;
; c_cnt_prst16                         ; 1                      ; Signed Integer                                                                                                                      ;
; c_cnt_ph_mux_prst16                  ; 0                      ; Signed Integer                                                                                                                      ;
; c_cnt_hi_div17                       ; 1                      ; Signed Integer                                                                                                                      ;
; c_cnt_lo_div17                       ; 1                      ; Signed Integer                                                                                                                      ;
; c_cnt_bypass_en17                    ; false                  ; String                                                                                                                              ;
; c_cnt_in_src17                       ; ph_mux_clk             ; String                                                                                                                              ;
; c_cnt_odd_div_duty_en17              ; false                  ; String                                                                                                                              ;
; c_cnt_prst17                         ; 1                      ; Signed Integer                                                                                                                      ;
; c_cnt_ph_mux_prst17                  ; 0                      ; Signed Integer                                                                                                                      ;
; pll_vco_div                          ; 1                      ; Signed Integer                                                                                                                      ;
; pll_slf_rst                          ; false                  ; String                                                                                                                              ;
; pll_bw_sel                           ; low                    ; String                                                                                                                              ;
; pll_output_clk_frequency             ; 0 MHz                  ; String                                                                                                                              ;
; pll_cp_current                       ; 0                      ; Signed Integer                                                                                                                      ;
; pll_bwctrl                           ; 0                      ; Signed Integer                                                                                                                      ;
; pll_fractional_division              ; 1                      ; Signed Integer                                                                                                                      ;
; pll_fractional_cout                  ; 24                     ; Signed Integer                                                                                                                      ;
; pll_dsm_out_sel                      ; 1st_order              ; String                                                                                                                              ;
; mimic_fbclk_type                     ; gclk                   ; String                                                                                                                              ;
; pll_fbclk_mux_1                      ; glb                    ; String                                                                                                                              ;
; pll_fbclk_mux_2                      ; fb_1                   ; String                                                                                                                              ;
; pll_m_cnt_in_src                     ; ph_mux_clk             ; String                                                                                                                              ;
; pll_vcoph_div                        ; 1                      ; Signed Integer                                                                                                                      ;
; refclk1_frequency                    ; 0 MHz                  ; String                                                                                                                              ;
; pll_clkin_0_src                      ; clk_0                  ; String                                                                                                                              ;
; pll_clkin_1_src                      ; clk_0                  ; String                                                                                                                              ;
; pll_clk_loss_sw_en                   ; false                  ; String                                                                                                                              ;
; pll_auto_clk_sw_en                   ; false                  ; String                                                                                                                              ;
; pll_manu_clk_sw_en                   ; false                  ; String                                                                                                                              ;
; pll_clk_sw_dly                       ; 0                      ; Signed Integer                                                                                                                      ;
; pll_extclk_0_cnt_src                 ; pll_extclk_cnt_src_vss ; String                                                                                                                              ;
; pll_extclk_1_cnt_src                 ; pll_extclk_cnt_src_vss ; String                                                                                                                              ;
+--------------------------------------+------------------------+-------------------------------------------------------------------------------------------------------------------------------------+
Note: In order to hide this table in the UI and the text report file, please set the "Show Parameter Settings in Synthesis Report" option in "Analysis and Synthesis Settings -> More Settings" to "Off".


+--------------------------------------------------------------------------------------------+
; Parameter Settings for User Entity Instance: color:color_inst|vga_controller_1280x800:ctrl ;
+----------------+-------+-------------------------------------------------------------------+
; Parameter Name ; Value ; Type                                                              ;
+----------------+-------+-------------------------------------------------------------------+
; H_VISIBLE      ; 1280  ; Signed Integer                                                    ;
; H_FP           ; 48    ; Signed Integer                                                    ;
; H_SYNC         ; 32    ; Signed Integer                                                    ;
; H_BP           ; 80    ; Signed Integer                                                    ;
; H_TOTAL        ; 1440  ; Signed Integer                                                    ;
; V_VISIBLE      ; 800   ; Signed Integer                                                    ;
; V_FP           ; 3     ; Signed Integer                                                    ;
; V_SYNC         ; 6     ; Signed Integer                                                    ;
; V_BP           ; 22    ; Signed Integer                                                    ;
; V_TOTAL        ; 831   ; Signed Integer                                                    ;
+----------------+-------+-------------------------------------------------------------------+
Note: In order to hide this table in the UI and the text report file, please set the "Show Parameter Settings in Synthesis Report" option in "Analysis and Synthesis Settings -> More Settings" to "Off".


+--------------------------------------------------------------------------------------------------------------------------------------------------------------------------------------+
; Port Connectivity Checks: "color:color_inst|clock1280x800:vgaclock|vgaClock:clk|vgaClock_video_pll_0:video_pll_0|vgaClock_video_pll_0_video_pll:video_pll|altera_pll:altera_pll_i"   ;
+-------------------+--------+----------+----------------------------------------------------------------------------------------------------------------------------------------------+
; Port              ; Type   ; Severity ; Details                                                                                                                                      ;
+-------------------+--------+----------+----------------------------------------------------------------------------------------------------------------------------------------------+
; fboutclk          ; Output ; Info     ; Explicitly unconnected                                                                                                                       ;
; fbclk             ; Input  ; Info     ; Stuck at GND                                                                                                                                 ;
; refclk1           ; Input  ; Warning  ; Declared by entity but not connected by instance. If a default value exists, it will be used.  Otherwise, the port will be connected to GND. ;
; phase_en          ; Input  ; Warning  ; Declared by entity but not connected by instance. If a default value exists, it will be used.  Otherwise, the port will be connected to GND. ;
; updn              ; Input  ; Warning  ; Declared by entity but not connected by instance. If a default value exists, it will be used.  Otherwise, the port will be connected to GND. ;
; num_phase_shifts  ; Input  ; Warning  ; Declared by entity but not connected by instance. If a default value exists, it will be used.  Otherwise, the port will be connected to GND. ;
; scanclk           ; Input  ; Warning  ; Declared by entity but not connected by instance. If a default value exists, it will be used.  Otherwise, the port will be connected to GND. ;
; cntsel            ; Input  ; Warning  ; Declared by entity but not connected by instance. If a default value exists, it will be used.  Otherwise, the port will be connected to GND. ;
; reconfig_to_pll   ; Input  ; Warning  ; Declared by entity but not connected by instance. If a default value exists, it will be used.  Otherwise, the port will be connected to GND. ;
; extswitch         ; Input  ; Warning  ; Declared by entity but not connected by instance. If a default value exists, it will be used.  Otherwise, the port will be connected to GND. ;
; adjpllin          ; Input  ; Warning  ; Declared by entity but not connected by instance. If a default value exists, it will be used.  Otherwise, the port will be connected to GND. ;
; cclk              ; Input  ; Warning  ; Declared by entity but not connected by instance. If a default value exists, it will be used.  Otherwise, the port will be connected to GND. ;
; phase_done        ; Output ; Warning  ; Declared by entity but not connected by instance. Logic that only feeds a dangling port will be removed.                                     ;
; reconfig_from_pll ; Output ; Warning  ; Declared by entity but not connected by instance. Logic that only feeds a dangling port will be removed.                                     ;
; activeclk         ; Output ; Warning  ; Declared by entity but not connected by instance. Logic that only feeds a dangling port will be removed.                                     ;
; clkbad            ; Output ; Warning  ; Declared by entity but not connected by instance. Logic that only feeds a dangling port will be removed.                                     ;
; phout             ; Output ; Warning  ; Declared by entity but not connected by instance. Logic that only feeds a dangling port will be removed.                                     ;
; lvds_clk          ; Output ; Warning  ; Declared by entity but not connected by instance. Logic that only feeds a dangling port will be removed.                                     ;
; loaden            ; Output ; Warning  ; Declared by entity but not connected by instance. Logic that only feeds a dangling port will be removed.                                     ;
; extclk_out        ; Output ; Warning  ; Declared by entity but not connected by instance. Logic that only feeds a dangling port will be removed.                                     ;
; cascade_out       ; Output ; Warning  ; Declared by entity but not connected by instance. Logic that only feeds a dangling port will be removed.                                     ;
; zdbfbclk          ; Bidir  ; Warning  ; Declared by entity but not connected by instance. Logic that only feeds a dangling port will be removed.                                     ;
+-------------------+--------+----------+----------------------------------------------------------------------------------------------------------------------------------------------+


+------------------------------------------------------------------------------------------------------------------------------------------------------------+
; Port Connectivity Checks: "color:color_inst|clock1280x800:vgaclock|vgaClock:clk|vgaClock_video_pll_0:video_pll_0|vgaClock_video_pll_0_video_pll:video_pll" ;
+----------+--------+----------+-----------------------------------------------------------------------------------------------------------------------------+
; Port     ; Type   ; Severity ; Details                                                                                                                     ;
+----------+--------+----------+-----------------------------------------------------------------------------------------------------------------------------+
; outclk_0 ; Output ; Info     ; Explicitly unconnected                                                                                                      ;
; outclk_2 ; Output ; Info     ; Explicitly unconnected                                                                                                      ;
+----------+--------+----------+-----------------------------------------------------------------------------------------------------------------------------+


+------------------------------------------------------------------------------------------------------------------------------+
; Port Connectivity Checks: "color:color_inst|clock1280x800:vgaclock|vgaClock:clk"                                             ;
+--------------------+--------+----------+-------------------------------------------------------------------------------------+
; Port               ; Type   ; Severity ; Details                                                                             ;
+--------------------+--------+----------+-------------------------------------------------------------------------------------+
; reset_source_reset ; Output ; Info     ; Connected to dangling logic. Logic that only feeds a dangling port will be removed. ;
+--------------------+--------+----------+-------------------------------------------------------------------------------------+


+-----------------------------------------------------+
; Post-Synthesis Netlist Statistics for Top Partition ;
+-----------------------+-----------------------------+
; Type                  ; Count                       ;
+-----------------------+-----------------------------+
; arriav_ff             ; 22                          ;
;     CLR SCLR          ; 11                          ;
;     ENA CLR SCLR      ; 10                          ;
;     plain             ; 1                           ;
; arriav_lcell_comb     ; 147                         ;
;     arith             ; 21                          ;
;         1 data inputs ; 21                          ;
;     extend            ; 3                           ;
;         7 data inputs ; 3                           ;
;     normal            ; 123                         ;
;         1 data inputs ; 2                           ;
;         2 data inputs ; 5                           ;
;         3 data inputs ; 21                          ;
;         4 data inputs ; 10                          ;
;         5 data inputs ; 8                           ;
;         6 data inputs ; 77                          ;
; boundary_port         ; 36                          ;
; generic_pll           ; 2                           ;
;                       ;                             ;
; Max LUT depth         ; 6.00                        ;
; Average LUT depth     ; 3.98                        ;
+-----------------------+-----------------------------+


+-------------------------------+
; Elapsed Time Per Partition    ;
+----------------+--------------+
; Partition Name ; Elapsed Time ;
+----------------+--------------+
; Top            ; 00:00:01     ;
+----------------+--------------+


+-------------------------------+
; Analysis & Synthesis Messages ;
+-------------------------------+
Info: *******************************************************************
Info: Running Quartus Prime Analysis & Synthesis
    Info: Version 24.1std.0 Build 1077 03/04/2025 SC Lite Edition
    Info: Processing started: Fri Oct 31 18:54:13 2025
Info: Command: quartus_map --read_settings_files=on --write_settings_files=off processor -c processor
Warning (18236): Number of processors has not been specified which may cause overloading on shared machines.  Set the global assignment NUM_PARALLEL_PROCESSORS in your QSF to an appropriate value for best performance.
Info (20030): Parallel compilation is enabled and will use 16 of the 16 processors detected
Info (12248): Elaborating Platform Designer system entity "vgaClock.qsys"
Info (12250): 2025.10.31.18:54:24 Progress: Loading Processor/vgaClock.qsys
Info (12250): 2025.10.31.18:54:25 Progress: Reading input file
Info (12250): 2025.10.31.18:54:25 Progress: Adding video_pll_0 [altera_up_avalon_video_pll 18.0]
Info (12250): 2025.10.31.18:54:25 Progress: Parameterizing module video_pll_0
Info (12250): 2025.10.31.18:54:25 Progress: Building connections
Info (12250): 2025.10.31.18:54:25 Progress: Parameterizing connections
Info (12250): 2025.10.31.18:54:25 Progress: Validating
Info (12250): 2025.10.31.18:54:28 Progress: Done reading input file
Info (12250): VgaClock: Generating "vgaClock" for QUARTUS_SYNTH
Info (12250): Video_pll_0: "vgaClock" instantiated altera_up_avalon_video_pll "video_pll_0"
Info (12250): Video_pll: "video_pll_0" instantiated altera_pll "video_pll"
Info (12250): Reset_from_locked: "video_pll_0" instantiated altera_up_avalon_reset_from_locked_signal "reset_from_locked"
Info (12250): VgaClock: Done "vgaClock" with 4 modules, 5 files
Info (12249): Finished elaborating Platform Designer system entity "vgaClock.qsys"
Info (12021): Found 1 design units, including 1 entities, in source file font_rom.v
    Info (12023): Found entity 1: font_rom File: C:/Users/jucac/Desktop/Universidad/Arquitectura/Processor/font_rom.v Line: 6
Info (12021): Found 1 design units, including 1 entities, in source file font_renderer.v
    Info (12023): Found entity 1: font_renderer File: C:/Users/jucac/Desktop/Universidad/Arquitectura/Processor/font_renderer.v Line: 6
Info (12021): Found 1 design units, including 1 entities, in source file programmemory.sv
    Info (12023): Found entity 1: ProgramMemory File: C:/Users/jucac/Desktop/Universidad/Arquitectura/Processor/ProgramMemory.sv Line: 1
Info (12021): Found 1 design units, including 1 entities, in source file alu.sv
    Info (12023): Found entity 1: ALU File: C:/Users/jucac/Desktop/Universidad/Arquitectura/Processor/ALU.sv Line: 1
Info (12021): Found 1 design units, including 1 entities, in source file processor.sv
    Info (12023): Found entity 1: processor File: C:/Users/jucac/Desktop/Universidad/Arquitectura/Processor/processor.sv Line: 1
Info (12021): Found 1 design units, including 1 entities, in source file programcounter.sv
    Info (12023): Found entity 1: ProgramCounter File: C:/Users/jucac/Desktop/Universidad/Arquitectura/Processor/ProgramCounter.sv Line: 1
Info (12021): Found 1 design units, including 1 entities, in source file registerunit.sv
    Info (12023): Found entity 1: RegisterUnit File: C:/Users/jucac/Desktop/Universidad/Arquitectura/Processor/RegisterUnit.sv Line: 1
Info (12021): Found 1 design units, including 1 entities, in source file instructionmemory.sv
    Info (12023): Found entity 1: InstructionMemory File: C:/Users/jucac/Desktop/Universidad/Arquitectura/Processor/InstructionMemory.sv Line: 1
Info (12021): Found 1 design units, including 1 entities, in source file controlunit.sv
    Info (12023): Found entity 1: ControlUnit File: C:/Users/jucac/Desktop/Universidad/Arquitectura/Processor/ControlUnit.sv Line: 1
Info (12021): Found 1 design units, including 1 entities, in source file hexa.sv
    Info (12023): Found entity 1: hexa File: C:/Users/jucac/Desktop/Universidad/Arquitectura/Processor/hexa.sv Line: 1
Info (12021): Found 1 design units, including 1 entities, in source file immgen.sv
    Info (12023): Found entity 1: ImmGen File: C:/Users/jucac/Desktop/Universidad/Arquitectura/Processor/ImmGen.sv Line: 1
Info (12021): Found 1 design units, including 1 entities, in source file datamemory.sv
    Info (12023): Found entity 1: DataMemory File: C:/Users/jucac/Desktop/Universidad/Arquitectura/Processor/DataMemory.sv Line: 1
Info (12021): Found 1 design units, including 1 entities, in source file processor_tb.sv
    Info (12023): Found entity 1: processor_tb File: C:/Users/jucac/Desktop/Universidad/Arquitectura/Processor/processor_tb.sv Line: 3
Info (12021): Found 3 design units, including 3 entities, in source file color.sv
    Info (12023): Found entity 1: color File: C:/Users/jucac/Desktop/Universidad/Arquitectura/Processor/color.sv Line: 6
    Info (12023): Found entity 2: clock1280x800 File: C:/Users/jucac/Desktop/Universidad/Arquitectura/Processor/color.sv Line: 117
    Info (12023): Found entity 3: vga_controller_1280x800 File: C:/Users/jucac/Desktop/Universidad/Arquitectura/Processor/color.sv Line: 134
Info (12021): Found 1 design units, including 1 entities, in source file db/ip/vgaclock/submodules/altera_up_avalon_reset_from_locked_signal.v
    Info (12023): Found entity 1: altera_up_avalon_reset_from_locked_signal File: C:/Users/jucac/Desktop/Universidad/Arquitectura/Processor/db/ip/vgaclock/submodules/altera_up_avalon_reset_from_locked_signal.v Line: 28
Info (12021): Found 1 design units, including 1 entities, in source file db/ip/vgaclock/submodules/vgaclock_video_pll_0.v
    Info (12023): Found entity 1: vgaClock_video_pll_0 File: C:/Users/jucac/Desktop/Universidad/Arquitectura/Processor/db/ip/vgaclock/submodules/vgaclock_video_pll_0.v Line: 9
Info (12021): Found 1 design units, including 1 entities, in source file db/ip/vgaclock/submodules/vgaclock_video_pll_0_video_pll.v
    Info (12023): Found entity 1: vgaClock_video_pll_0_video_pll File: C:/Users/jucac/Desktop/Universidad/Arquitectura/Processor/db/ip/vgaclock/submodules/vgaclock_video_pll_0_video_pll.v Line: 2
Info (12021): Found 1 design units, including 1 entities, in source file db/ip/vgaclock/vgaclock.v
    Info (12023): Found entity 1: vgaClock File: C:/Users/jucac/Desktop/Universidad/Arquitectura/Processor/db/ip/vgaclock/vgaclock.v Line: 6
Info (12127): Elaborating entity "processor" for the top level hierarchy
Info (12128): Elaborating entity "ProgramCounter" for hierarchy "ProgramCounter:PC_inst" File: C:/Users/jucac/Desktop/Universidad/Arquitectura/Processor/processor.sv Line: 26
Warning (10240): Verilog HDL Always Construct warning at ProgramCounter.sv(7): inferring latch(es) for variable "pc", which holds its previous value in one or more paths through the always construct File: C:/Users/jucac/Desktop/Universidad/Arquitectura/Processor/ProgramCounter.sv Line: 7
Info (10041): Inferred latch for "pc[0]" at ProgramCounter.sv(7) File: C:/Users/jucac/Desktop/Universidad/Arquitectura/Processor/ProgramCounter.sv Line: 7
Info (10041): Inferred latch for "pc[1]" at ProgramCounter.sv(7) File: C:/Users/jucac/Desktop/Universidad/Arquitectura/Processor/ProgramCounter.sv Line: 7
Info (12128): Elaborating entity "InstructionMemory" for hierarchy "InstructionMemory:IMEM" File: C:/Users/jucac/Desktop/Universidad/Arquitectura/Processor/processor.sv Line: 35
Warning (10850): Verilog HDL warning at InstructionMemory.sv(9): number of words (9) in memory file does not match the number of elements in the address range [0:255] File: C:/Users/jucac/Desktop/Universidad/Arquitectura/Processor/InstructionMemory.sv Line: 9
Warning (10030): Net "mem.data_a" at InstructionMemory.sv(5) has no driver or initial value, using a default initial value '0' File: C:/Users/jucac/Desktop/Universidad/Arquitectura/Processor/InstructionMemory.sv Line: 5
Warning (10030): Net "mem.waddr_a" at InstructionMemory.sv(5) has no driver or initial value, using a default initial value '0' File: C:/Users/jucac/Desktop/Universidad/Arquitectura/Processor/InstructionMemory.sv Line: 5
Warning (10030): Net "mem.we_a" at InstructionMemory.sv(5) has no driver or initial value, using a default initial value '0' File: C:/Users/jucac/Desktop/Universidad/Arquitectura/Processor/InstructionMemory.sv Line: 5
Info (12128): Elaborating entity "ControlUnit" for hierarchy "ControlUnit:CU" File: C:/Users/jucac/Desktop/Universidad/Arquitectura/Processor/processor.sv Line: 71
Warning (10270): Verilog HDL Case Statement warning at ControlUnit.sv(21): incomplete case statement has no default case item File: C:/Users/jucac/Desktop/Universidad/Arquitectura/Processor/ControlUnit.sv Line: 21
Info (12128): Elaborating entity "RegisterUnit" for hierarchy "RegisterUnit:RF" File: C:/Users/jucac/Desktop/Universidad/Arquitectura/Processor/processor.sv Line: 89
Info (12128): Elaborating entity "ImmGen" for hierarchy "ImmGen:immGen_inst" File: C:/Users/jucac/Desktop/Universidad/Arquitectura/Processor/processor.sv Line: 98
Info (12128): Elaborating entity "ALU" for hierarchy "ALU:ALU_inst" File: C:/Users/jucac/Desktop/Universidad/Arquitectura/Processor/processor.sv Line: 115
Info (12128): Elaborating entity "DataMemory" for hierarchy "DataMemory:DMEM" File: C:/Users/jucac/Desktop/Universidad/Arquitectura/Processor/processor.sv Line: 127
Warning (10850): Verilog HDL warning at DataMemory.sv(20): number of words (17) in memory file does not match the number of elements in the address range [0:255] File: C:/Users/jucac/Desktop/Universidad/Arquitectura/Processor/DataMemory.sv Line: 20
Info (12128): Elaborating entity "color" for hierarchy "color:color_inst" File: C:/Users/jucac/Desktop/Universidad/Arquitectura/Processor/processor.sv Line: 148
Warning (10230): Verilog HDL assignment warning at color.sv(91): truncated value with size 32 to match size of target (4) File: C:/Users/jucac/Desktop/Universidad/Arquitectura/Processor/color.sv Line: 91
Warning (10230): Verilog HDL assignment warning at color.sv(95): truncated value with size 32 to match size of target (4) File: C:/Users/jucac/Desktop/Universidad/Arquitectura/Processor/color.sv Line: 95
Warning (10230): Verilog HDL assignment warning at color.sv(96): truncated value with size 32 to match size of target (3) File: C:/Users/jucac/Desktop/Universidad/Arquitectura/Processor/color.sv Line: 96
Warning (10030): Net "mensaje.data_a" at color.sv(70) has no driver or initial value, using a default initial value '0' File: C:/Users/jucac/Desktop/Universidad/Arquitectura/Processor/color.sv Line: 70
Warning (10030): Net "mensaje.waddr_a" at color.sv(70) has no driver or initial value, using a default initial value '0' File: C:/Users/jucac/Desktop/Universidad/Arquitectura/Processor/color.sv Line: 70
Warning (10030): Net "mensaje.we_a" at color.sv(70) has no driver or initial value, using a default initial value '0' File: C:/Users/jucac/Desktop/Universidad/Arquitectura/Processor/color.sv Line: 70
Info (12128): Elaborating entity "clock1280x800" for hierarchy "color:color_inst|clock1280x800:vgaclock" File: C:/Users/jucac/Desktop/Universidad/Arquitectura/Processor/color.sv Line: 35
Info (12128): Elaborating entity "vgaClock" for hierarchy "color:color_inst|clock1280x800:vgaclock|vgaClock:clk" File: C:/Users/jucac/Desktop/Universidad/Arquitectura/Processor/color.sv Line: 128
Info (12128): Elaborating entity "vgaClock_video_pll_0" for hierarchy "color:color_inst|clock1280x800:vgaclock|vgaClock:clk|vgaClock_video_pll_0:video_pll_0" File: C:/Users/jucac/Desktop/Universidad/Arquitectura/Processor/db/ip/vgaclock/vgaclock.v Line: 18
Info (12128): Elaborating entity "vgaClock_video_pll_0_video_pll" for hierarchy "color:color_inst|clock1280x800:vgaclock|vgaClock:clk|vgaClock_video_pll_0:video_pll_0|vgaClock_video_pll_0_video_pll:video_pll" File: C:/Users/jucac/Desktop/Universidad/Arquitectura/Processor/db/ip/vgaclock/submodules/vgaclock_video_pll_0.v Line: 25
Info (12128): Elaborating entity "altera_pll" for hierarchy "color:color_inst|clock1280x800:vgaclock|vgaClock:clk|vgaClock_video_pll_0:video_pll_0|vgaClock_video_pll_0_video_pll:video_pll|altera_pll:altera_pll_i" File: C:/Users/jucac/Desktop/Universidad/Arquitectura/Processor/db/ip/vgaclock/submodules/vgaclock_video_pll_0_video_pll.v Line: 91
Info (10008): Verilog HDL or VHDL information: EDA Netlist Writer cannot regroup multidimensional array "wire_to_nowhere_64" into its bus
Info (12130): Elaborated megafunction instantiation "color:color_inst|clock1280x800:vgaclock|vgaClock:clk|vgaClock_video_pll_0:video_pll_0|vgaClock_video_pll_0_video_pll:video_pll|altera_pll:altera_pll_i" File: C:/Users/jucac/Desktop/Universidad/Arquitectura/Processor/db/ip/vgaclock/submodules/vgaclock_video_pll_0_video_pll.v Line: 91
Info (12133): Instantiated megafunction "color:color_inst|clock1280x800:vgaclock|vgaClock:clk|vgaClock_video_pll_0:video_pll_0|vgaClock_video_pll_0_video_pll:video_pll|altera_pll:altera_pll_i" with the following parameter: File: C:/Users/jucac/Desktop/Universidad/Arquitectura/Processor/db/ip/vgaclock/submodules/vgaclock_video_pll_0_video_pll.v Line: 91
    Info (12134): Parameter "fractional_vco_multiplier" = "false"
    Info (12134): Parameter "reference_clock_frequency" = "50.0 MHz"
    Info (12134): Parameter "operation_mode" = "direct"
    Info (12134): Parameter "number_of_clocks" = "3"
    Info (12134): Parameter "output_clock_frequency0" = "25.000000 MHz"
    Info (12134): Parameter "phase_shift0" = "0 ps"
    Info (12134): Parameter "duty_cycle0" = "50"
    Info (12134): Parameter "output_clock_frequency1" = "83.333333 MHz"
    Info (12134): Parameter "phase_shift1" = "0 ps"
    Info (12134): Parameter "duty_cycle1" = "50"
    Info (12134): Parameter "output_clock_frequency2" = "32.894736 MHz"
    Info (12134): Parameter "phase_shift2" = "0 ps"
    Info (12134): Parameter "duty_cycle2" = "50"
    Info (12134): Parameter "output_clock_frequency3" = "0 MHz"
    Info (12134): Parameter "phase_shift3" = "0 ps"
    Info (12134): Parameter "duty_cycle3" = "50"
    Info (12134): Parameter "output_clock_frequency4" = "0 MHz"
    Info (12134): Parameter "phase_shift4" = "0 ps"
    Info (12134): Parameter "duty_cycle4" = "50"
    Info (12134): Parameter "output_clock_frequency5" = "0 MHz"
    Info (12134): Parameter "phase_shift5" = "0 ps"
    Info (12134): Parameter "duty_cycle5" = "50"
    Info (12134): Parameter "output_clock_frequency6" = "0 MHz"
    Info (12134): Parameter "phase_shift6" = "0 ps"
    Info (12134): Parameter "duty_cycle6" = "50"
    Info (12134): Parameter "output_clock_frequency7" = "0 MHz"
    Info (12134): Parameter "phase_shift7" = "0 ps"
    Info (12134): Parameter "duty_cycle7" = "50"
    Info (12134): Parameter "output_clock_frequency8" = "0 MHz"
    Info (12134): Parameter "phase_shift8" = "0 ps"
    Info (12134): Parameter "duty_cycle8" = "50"
    Info (12134): Parameter "output_clock_frequency9" = "0 MHz"
    Info (12134): Parameter "phase_shift9" = "0 ps"
    Info (12134): Parameter "duty_cycle9" = "50"
    Info (12134): Parameter "output_clock_frequency10" = "0 MHz"
    Info (12134): Parameter "phase_shift10" = "0 ps"
    Info (12134): Parameter "duty_cycle10" = "50"
    Info (12134): Parameter "output_clock_frequency11" = "0 MHz"
    Info (12134): Parameter "phase_shift11" = "0 ps"
    Info (12134): Parameter "duty_cycle11" = "50"
    Info (12134): Parameter "output_clock_frequency12" = "0 MHz"
    Info (12134): Parameter "phase_shift12" = "0 ps"
    Info (12134): Parameter "duty_cycle12" = "50"
    Info (12134): Parameter "output_clock_frequency13" = "0 MHz"
    Info (12134): Parameter "phase_shift13" = "0 ps"
    Info (12134): Parameter "duty_cycle13" = "50"
    Info (12134): Parameter "output_clock_frequency14" = "0 MHz"
    Info (12134): Parameter "phase_shift14" = "0 ps"
    Info (12134): Parameter "duty_cycle14" = "50"
    Info (12134): Parameter "output_clock_frequency15" = "0 MHz"
    Info (12134): Parameter "phase_shift15" = "0 ps"
    Info (12134): Parameter "duty_cycle15" = "50"
    Info (12134): Parameter "output_clock_frequency16" = "0 MHz"
    Info (12134): Parameter "phase_shift16" = "0 ps"
    Info (12134): Parameter "duty_cycle16" = "50"
    Info (12134): Parameter "output_clock_frequency17" = "0 MHz"
    Info (12134): Parameter "phase_shift17" = "0 ps"
    Info (12134): Parameter "duty_cycle17" = "50"
    Info (12134): Parameter "pll_type" = "General"
    Info (12134): Parameter "pll_subtype" = "General"
Info (12128): Elaborating entity "altera_up_avalon_reset_from_locked_signal" for hierarchy "color:color_inst|clock1280x800:vgaclock|vgaClock:clk|vgaClock_video_pll_0:video_pll_0|altera_up_avalon_reset_from_locked_signal:reset_from_locked" File: C:/Users/jucac/Desktop/Universidad/Arquitectura/Processor/db/ip/vgaclock/submodules/vgaclock_video_pll_0.v Line: 30
Info (12128): Elaborating entity "vga_controller_1280x800" for hierarchy "color:color_inst|vga_controller_1280x800:ctrl" File: C:/Users/jucac/Desktop/Universidad/Arquitectura/Processor/color.sv Line: 48
Warning (10230): Verilog HDL assignment warning at color.sv(166): truncated value with size 32 to match size of target (10) File: C:/Users/jucac/Desktop/Universidad/Arquitectura/Processor/color.sv Line: 166
Warning (10230): Verilog HDL assignment warning at color.sv(168): truncated value with size 32 to match size of target (11) File: C:/Users/jucac/Desktop/Universidad/Arquitectura/Processor/color.sv Line: 168
Info (12128): Elaborating entity "font_renderer" for hierarchy "color:color_inst|font_renderer:font_inst" File: C:/Users/jucac/Desktop/Universidad/Arquitectura/Processor/color.sv Line: 64
Warning (10230): Verilog HDL assignment warning at font_renderer.v(18): truncated value with size 12 to match size of target (11) File: C:/Users/jucac/Desktop/Universidad/Arquitectura/Processor/font_renderer.v Line: 18
Info (12128): Elaborating entity "font_rom" for hierarchy "color:color_inst|font_renderer:font_inst|font_rom:rom_inst" File: C:/Users/jucac/Desktop/Universidad/Arquitectura/Processor/font_renderer.v Line: 23
Warning (10850): Verilog HDL warning at font_rom.v(15): number of words (1520) in memory file does not match the number of elements in the address range [0:2047] File: C:/Users/jucac/Desktop/Universidad/Arquitectura/Processor/font_rom.v Line: 15
Warning (10030): Net "mem.data_a" at font_rom.v(12) has no driver or initial value, using a default initial value '0' File: C:/Users/jucac/Desktop/Universidad/Arquitectura/Processor/font_rom.v Line: 12
Warning (10030): Net "mem.waddr_a" at font_rom.v(12) has no driver or initial value, using a default initial value '0' File: C:/Users/jucac/Desktop/Universidad/Arquitectura/Processor/font_rom.v Line: 12
Warning (10030): Net "mem.we_a" at font_rom.v(12) has no driver or initial value, using a default initial value '0' File: C:/Users/jucac/Desktop/Universidad/Arquitectura/Processor/font_rom.v Line: 12
Warning (14284): Synthesized away the following node(s):
    Warning (14285): Synthesized away the following PLL node(s):
        Warning (14320): Synthesized away node "color:color_inst|clock1280x800:vgaclock|vgaClock:clk|vgaClock_video_pll_0:video_pll_0|vgaClock_video_pll_0_video_pll:video_pll|altera_pll:altera_pll_i|outclk_wire[2]" File: c:/intelfpga_lite/24.1std/quartus/libraries/megafunctions/altera_pll.v Line: 749
Info (276014): Found 2 instances of uninferred RAM logic
    Info (276004): RAM logic "color:color_inst|mensaje" is uninferred due to inappropriate RAM size File: C:/Users/jucac/Desktop/Universidad/Arquitectura/Processor/color.sv Line: 70
    Info (276007): RAM logic "color:color_inst|font_renderer:font_inst|font_rom:rom_inst|mem" is uninferred due to asynchronous read logic File: C:/Users/jucac/Desktop/Universidad/Arquitectura/Processor/font_rom.v Line: 12
Critical Warning (127005): Memory depth (16) in the design file differs from memory depth (12) in the Memory Initialization File "C:/Users/jucac/Desktop/Universidad/Arquitectura/Processor/db/processor.ram0_color_6584c78.hdl.mif" -- setting initial value for remaining addresses to 0
Warning (127007): Memory Initialization File or Hexadecimal (Intel-Format) File "C:/Users/jucac/Desktop/Universidad/Arquitectura/Processor/db/processor.ram0_font_rom_e26a0106.hdl.mif" contains "don't care" values -- overwriting them with 0s
Warning (12241): 1 hierarchies have connectivity warnings - see the Connectivity Checks report folder
Info (286030): Timing-Driven Synthesis is running
Info (16010): Generating hard_block partition "hard_block:auto_generated_inst"
    Info (16011): Adding 8 node(s), including 0 DDIO, 2 PLL, 0 transceiver and 0 LCELL
Warning: OUTCLK port on the PLL is not properly connected on instance color:color_inst|clock1280x800:vgaclock|vgaClock:clk|vgaClock_video_pll_0:video_pll_0|vgaClock_video_pll_0_video_pll:video_pll|altera_pll:altera_pll_i|general[0].gpll. The output clock port on the PLL must be connected. File: c:/intelfpga_lite/24.1std/quartus/libraries/megafunctions/altera_pll.v Line: 749
    Info: Must be connected
Warning (21074): Design contains 7 input pin(s) that do not drive logic
    Warning (15610): No output dependent on input pin "clk" File: C:/Users/jucac/Desktop/Universidad/Arquitectura/Processor/processor.sv Line: 2
    Warning (15610): No output dependent on input pin "reset" File: C:/Users/jucac/Desktop/Universidad/Arquitectura/Processor/processor.sv Line: 3
    Warning (15610): No output dependent on input pin "sw1" File: C:/Users/jucac/Desktop/Universidad/Arquitectura/Processor/processor.sv Line: 6
    Warning (15610): No output dependent on input pin "sw2" File: C:/Users/jucac/Desktop/Universidad/Arquitectura/Processor/processor.sv Line: 7
    Warning (15610): No output dependent on input pin "sw3" File: C:/Users/jucac/Desktop/Universidad/Arquitectura/Processor/processor.sv Line: 8
    Warning (15610): No output dependent on input pin "sw4" File: C:/Users/jucac/Desktop/Universidad/Arquitectura/Processor/processor.sv Line: 9
    Warning (15610): No output dependent on input pin "sw5" File: C:/Users/jucac/Desktop/Universidad/Arquitectura/Processor/processor.sv Line: 10
Info (21057): Implemented 183 device resources after synthesis - the final resource count might be different
    Info (21058): Implemented 9 input pins
    Info (21059): Implemented 27 output pins
    Info (21061): Implemented 145 logic cells
    Info (21065): Implemented 2 PLLs
Info: Quartus Prime Analysis & Synthesis was successful. 0 errors, 36 warnings
    Info: Peak virtual memory: 4894 megabytes
    Info: Processing ended: Fri Oct 31 18:54:34 2025
    Info: Elapsed time: 00:00:21
    Info: Total CPU time (on all processors): 00:00:53


